stat,without_trae,with_trae,per_chg
assists,5.116806723,7.831034483,53.04534462
points,23.94285714,37.23793103,55.52835158
rebounds,9.463865546,13.72068966,44.97976111